{
  "address": "0xa0b86991c6218b36c1d19d4a2e9eb0ce3606eb48",
  "24h": {
    "type": "24h diff",
    "trade_volume_usd": -1323.64,
    "trade_volume_eth": -0.8610617420000001,
    "floor_price_usd": 0.00044940000000000426,
    "floor_price_eth": 0,
    "trade_count": -331,
    "owner_count": 7
  },
  "7d": {
    "type": "7 day diff",
    "trade_volume_usd": -3523.1,
    "trade_volume_eth": -2.178740427,
    "floor_price_usd": -0.8872283999999999,
    "floor_price_eth": -0.00057082,
    "trade_count": -321,
    "owner_count": 46
  },
  "30d": {
    "type": "30d diff",
    "trade_volume_usd": -5948.64,
    "trade_volume_eth": -3.6204582129999996,
    "floor_price_usd": -0.4947615125831716,
    "floor_price_eth": -0.0003,
    "trade_count": -915,
    "owner_count": 162
  },
  "total": {
    "type": "total",
    "trade_volume_usd": 8564392.61,
    "trade_volume_eth": 3530.345189554,
    "floor_price_usd": 0.1114386,
    "floor_price_eth": 0.00007,
    "trade_count": 329255,
    "owner_count": 1933,
    "__typename": "Metrics"
  }
}
